"","week","Sales_Total","Sales_avg","Week_diff","WoW"
"1",9,2598496,3760.48625180897,0,0
"2",10,2699341,2256.97408026756,-1503.51217154141,-0.666162799425316
"3",11,3351952,2984.81923419412,727.845153926564,0.24384898944243
"4",12,4195635,3686.84973637961,702.03050218549,0.190414731378465
"5",13,2880216,3380.53521126761,-306.314525112008,-0.0906112511684646
